{"cameraMode":{"drawMode":0,"name":"Shaded","section":"Shading Mode"},"sceneLighting":true,"audioPlay":false,"sceneViewState":{"showFog":true,"showMaterialUpdate":true,"showSkybox":true,"showFlares":true,"showImageEffects":true,"showParticleSystems":true},"in2DMode":false,"pivot":{"x":3.6484599113464357,"y":2.124631404876709,"z":-8.299945831298829},"rotation":{"x":-0.05578006058931351,"y":0.005089092999696732,"z":-0.00028442099574021995,"w":-0.998430073261261},"size":10.0,"orthographic":false}