{"cameraMode":{"drawMode":0,"name":"Shaded","section":"Shading Mode"},"sceneLighting":true,"audioPlay":false,"sceneViewState":{"showFog":true,"showMaterialUpdate":true,"showSkybox":true,"showFlares":true,"showImageEffects":true,"showParticleSystems":true},"in2DMode":false,"pivot":{"x":15.181234359741211,"y":15.361540794372559,"z":11.225849151611329},"rotation":{"x":-0.3205236494541168,"y":0.6730858087539673,"z":0.4114591181278229,"w":0.524329662322998},"size":10.0,"orthographic":false}